[
	{ "country": "Canada", "value": 60, "year": 1990 },
	{ "country": "Canada", "value": 83, "year": 1991 },
	{ "country": "Canada", "value": 95, "year": 1992 },
	{ "country": "Canada", "value": -182, "year": 1993 },
	{ "country": "Canada", "value": 87, "year": 1994 },
	{ "country": "Canada", "value": 103, "year": 1995 },
	{ "country": "Canada", "value": 111, "year": 1996 },
	{ "country": "US", "value": -41, "year": 1990 },
	{ "country": "US", "value": 47, "year": 1991 },
	{ "country": "US", "value": 70, "year": 1992 },
	{ "country": "US", "value": 65, "year": 1993 },
	{ "country": "US", "value": 80, "year": 1994 },
	{ "country": "US", "value": 90, "year": 1995 },
	{ "country": "US", "value": 125, "year": 1996 },
	{ "country": "UK", "value": 61, "year": 1990 },
	{ "country": "UK", "value": 63, "year": 1991 },
	{ "country": "UK", "value": 68, "year": 1992 },
	{ "country": "UK", "value": 73, "year": 1993 },
	{ "country": "UK", "value": 80, "year": 1994 },
	{ "country": "UK", "value": 83, "year": 1995 },
	{ "country": "UK", "value": 85, "year": 1996 },
	{ "country": "China", "value": 30, "year": 1990 },
	{ "country": "China", "value": 33, "year": 1991 },
	{ "country": "China", "value": 40, "year": 1992 },
	{ "country": "China", "value": 52, "year": 1993 },
	{ "country": "China", "value": 65, "year": 1994 },
	{ "country": "China", "value": 78, "year": 1995 },
	{ "country": "China", "value": 101, "year": 1996 }
]
